companyId,companyName,companyUrl,flow,serverNumber,
47084,Brahmaa Infotek,https://www.brahmaait.com/career/,next,888888,
47157,Model N,https://www.modeln.com/company/careers/#job,scrolldown,888888,
2163,RV Solutions Pvt. Ltd.,https://www.rvsolutions.in/careers/it-software/?cat_id=41,next ,888888,
2163,RV Solutions Pvt. Ltd.,https://www.rvsolutions.in/careers/mobile_service/?cat_id=43,next ,888888,
2163,RV Solutions Pvt. Ltd.,https://www.rvsolutions.in/careers/telecom_services/?cat_id=44,next ,888888,
7472,Logitech,https://jobs.jobvite.com/logitech/search?r=India&c=&s=&q=,next ,888888,
6690,Armstrong International,https://armstronginternationalcareers.secure.force.com/recruit/fRecruit__ApplyJobList?portal=India,next ,888888,
7819,Prateek Group,https://www.prateekgroup.com/careers,next,888888,
47179,Arcesium,https://www.arcesium.com/careers.html,next,888888,
47114,THE TECH HUB,https://thetechhub.in/career,scrolldown,888888,
730,DXC Technologies,https://careers.dxc.com/job-search-results/?compliment[]=India,pageselect,888888,
21817,Al Futtaim,https://www.afuturewithus.com/search/?q=&sortColumn=referencedate&sortDirection=desc&startrow=0,pageselect,888888,
4352,Vestas,https://careers.vestas.com/search/?q=&locationsearch=India,next,888888,
46154,Tekshapers Software Solutions (P) Limited,https://www.tekshapers.com/career,next,888888,
28377,The Digital Group,https://www.thedigitalgroup.com/careers,pageselect,888888,
46242,Amagi,https://www.amagi.com/careers/open-roles,pageselect,888888,
47335,Retinodes Software Solutions Pvt. Ltd.,https://widget.recooty.com/openings.php?key=5b03f5a4b05a38ef77fad7fd4824745a7bd483a448a32,next,888888,
37130,NICE,https://www.nice.com/careers/apply?location=Australia+-+Sydney,next,888888,
1536,Saama Technologies,https://jobs.jobvite.com/saama/?nl=1&r=India,next,888888,
,,,,,
28455,SunArc Technologies,https://sunarctechnologies.com/career/,next,888888,
14271,Scalable Systems,https://www.scalable-systems.com/job-opening.aspx,loadmore,888888,
47305,Air Products,https://airproducts.wd5.myworkdayjobs.com/en-US/AP0001,next,888888,
777777,Icims,https://careers.icims.com/careers-home/jobs,next,888888,
47318,Wood,https://ehif.fa.em2.oraclecloud.com/hcmUI/CandidateExperience/en/sites/CX_1/jobs?mode=location,scrolldown,888888,
47327,Enviro India,http://careers.enviroindia.in/,scrolldown,888888,
47255,Inspirira,https://inspirria.com/positions,pageselect,888888,
47328,Intense Interactive,https://www.intint.in/careers/,next,888888,
11881,UPS,https://www.jobs-ups.com/global/en/search-results,next,888888,
47366,VeerIT Solutions,https://veerit.com/careers/,next,888888,
47428,Monotype,https://monotype.wd1.myworkdayjobs.com/Monotype,next,888888,
47377,Qualys,https://careers.employinc.com/search/jobs,next,888888,
47411,Centurysoft,https://www.centurysoft.com/careers,next,888888,
47424,Reliance Games,https://www.reliancegames.com/careers/,next,888888,
47433,GainInsights Solutions,https://gain-insights.com/about/#jobs,next,888888,
,,,,,
47461,Hotelogix,https://www.hotelogix.com/careers,next,888888,
47491,Rexcel IT Services Pvt. Ltd,http://www.rexcelitservices.com/careers/,next,888888,
47492,Instant Systems,http://jobs.instantsys.com/careers/index.php?m=careers&p=showAll,next,888888,
8556,Ubitech,http://www.ubitech.in/careers,next,888888,
47496,Genx,http://gen-xt.com/career/,next,888888,
47501,Seven Star Websolutions,https://www.sevenstarwebsolutions.com/jobs/,next,888888,
10546,Aabasoft Technologies (India) Private Limited,https://www.aabasoft.com/in-en/career/,next,888888,
47508,Global AgriSystem,https://www.globalagri.com/careers/current-openings/,next,888888,
,,,,,
47480,OakNorth,https://jobs.lever.co/oaknorth.ai?location=Bengaluru,next,888888,
47480,OakNorth,https://jobs.lever.co/oaknorth.ai?location=Gurugram,next,888888,
,,,,,
,,,,,
47544,TechSci Research,https://www.techsciresearch.com/career/Current-Openings.aspx?pageno=1,next,888888,
47590,HappyEasyGo,https://www.happyeasygo.com/Careers/,next,888888,
47594,Magic Finserv,https://www.magicfinserv.com/about-us/careers/,next,888888,
47595,W3villa Technologies,https://www.w3villa.com/careers,next,888888,
47605,NextGen Invent,https://nextgeninvent.com/careers/,next,888888,
36677,Cambridge Technology (CT),https://cambridgetechnology.freshteam.com/jobs,next,888888,
,,,,,
46330,Phonon Communications,https://www.phonon.io/careers/,next,888888,
-2281,InfoTree Solutions,http://infotreeltd.com/careers/,next,888888,
23545,Harman International,https://jobsearch.harman.com/en_US/careers/SearchJobs/?202=59351&listFilterMode=1,next,888888,
47655,10times,https://10times.freshteam.com/jobs,next,888888,
47687,Celigo,https://www.celigo.com/careers/#job-listings,next,888888,
47710,Rackspace,https://jobs.jobvite.com/rackspace/jobs/location?&l=IND-Hyderabad,next,888888,
47710,Rackspace,https://jobs.jobvite.com/rackspace/jobs/location?&l=IND-Gurgaon,next,888888,
6752,Morningstar,https://morningstar.wd5.myworkdayjobs.com/en-US/Americas?locations=f7596b77493b4df698a11084bdf9379e&locations=0ed882fb04b71001b5cfd2a116530000&locations=6a30583342834bee9099431bfefc5ff7&locations=0e19b52288b50118c0e41050da00bd41,next,888888,
47716,Sterlite Power,https://careers.sterlitepower.com/search/?createNewAlert=false&q=&locationsearch=India,pageselect,888888,
8036,Saigun Technologies,https://empxtrack.com/careers/,next,888888,
,,,,,
47724,Beryl Systems,https://berylsystems.com/careers,next,888888,
,,,,,
47737,AAPNA Infotheek,https://www.aapnainfotech.com/jobs/,next,888888,
563,Hindustan Construction Company,http://www.hccindia.com/public/index.php/career/current-opening,next,888888,
28432,Suprabha Protective Products Pvt. Ltd.,http://www.suprabha.com/career/,next,888888,
2100,Aujas,https://www.aujas.com/join-us,scrolldown,888888,
,,,,,
13192,BlackRock,https://careers.blackrock.com/search-jobs/India/45831/2/1269750/22/79/0/2,next,888888,
478,GMR Group,https://careers.gmrgroup.in/search/?createNewAlert=false&q=&locationsearch=india,pageselect,888888,
11189,NCPL Inc,https://www.ncplinc.com/careers/,next,888888,
47750,Hatch,https://jobs.hatch.com/search/?createNewAlert=false&q=&locationsearch=india,pageselect,888888,
47770,Experion Developers,https://experion.hiringbull.com/CareerSite?iframe=1#.,next,888888,
,,,,,
46858,HERE Technologies,https://careers-here.icims.com/jobs/search?ss=1&searchLocation=13228--,next,888888,
46810,TALENT MAX HR AND MANAGEMENT CONSULTANTS,https://widget.recooty.com/openings.php?key=5b2786c26e2798d6c8b411dd5037303202a1887cd42b6,next,888888,
45861,SCA Technologies,http://www.scatech.com/about-us/careers/,next,888888,
171,Reliance Life Sciences,https://careers.rellife.com/frmJobSearch.aspx?func=w+cpdiT6wL4=&loc=/wASbQn4xyQ=&expreq=/wASbQn4xyQ=&flag=/wASbQn4xyQ=,next,888888,
1366,Equitas Small Finance Bank,https://horizonecareer.peoplestrong.com/job/joblist,next,888888,
46293,Careem,https://boards.greenhouse.io/careem,loadmore,888888,
,,,,,
3018,Fiserv,https://careers.fiserv.com/us/en/search-results,next,888888,
46070,FICO,https://fico.wd1.myworkdayjobs.com/en-US/External,next,888888,
,,,,,
51351,freshworks,https://careers.freshworks.com/jobs,next,888888,
46333,Atlassian,https://www.atlassian.com/company/careers/all-jobs?location=Bengaluru,next,888888,
46334,Nutanix,http://jobs.jobvite.com/nutanix/search/?p=0&q=india,next,888888,
-2184,INFINITY GROUP,http://infinityjobs.in/candidate/opening.php,next,888888,
1880,teva pharmaceutical,https://careers.teva/search/?searchby=location&createNewAlert=false&q=&locationsearch=India,pageselect,888888,
46407,Converse Placement services,http://www.conversejob.com/current-opening,next,888888,
39297,Indiana Group,http://www.indianagroup.com/openpositions/,next,888888,
,,,,,
,,,,,
30251,Target,https://corporate.target.com/careers/job-search?currentPage=1,pageselect,888888,
45950,Tricentis,https://tricentis.wd1.myworkdayjobs.com/en-US/Tricentis_Careers/jobs,pageselect,888888,
1147,Parexel,https://jobs.parexel.com/search-jobs,loadmore,888888,
45928,Route Mobile,https://routemobile.com/careers/#jobs,loadmore,888888,
46479,Odoo,https://www.odoo.com/jobs,pageselect,888888,
,,,,,
,,,,,
46546,Tech India Infotech,https://www.techindiainfotech.com/careerwithus,next,888888,
46530,Progress,https://www.progress.com/company/careers,next,888888,
,,,,,
,,,,,
46550,Indimedi Solutions,http://inodoo.com/jobs,next,888888,
46556,Walking Tree,https://walkingtree.tech/careers/,loadmore,888888,
46564,ServiceNow,https://careers.servicenow.com/jobs/?orderby=0&pagesize=20&page=1&radius=100&country=India,pageselect,888888,
46569,Mawaqaa - National Web Solutions Company,http://www.mawaqaa.com/careers.html,next,888888,
46572,Service max Facility Management Pvt ltd,http://www.servicemaxindia.com/careers/,pageselect,888888,
,,,,,
2617,NetApp,https://jobs.netapp.com/search/?q=&sortColumn=referencedate&sortDirection=desc&startrow=0,pageselect,888888,
2385,Tibco,https://www.hirebridge.com/v3/jobs/list.aspx?cid=7167&m=0,next,888888,
27152,Icon Plc,http://careers.iconplc.com/Jobs/?sortdir=desc&q=&pagesize=10&sortby=WebsiteDate,pageselect,888888,
1152,Bosch,https://careers.smartrecruiters.com/BoschGroup/india,next,888888,
,,,,,
1152,Bosch,https://careers.smartrecruiters.com/BoschGroup/india?search=&page=0&location=Bengaluru,next,888888,
515,HCL Technologies,https://careers.hcltech.com/go/India/9553955/#search-wrapper,,888888,
45236,Reliance Jio Infocomm Ltd.,https://careers.jio.com/frmfuncwisejob.aspx?func=KXDwg1INMo8=&desc=8GyES+LxTYsY+mFzXdx1Rg==&flag=/wASbQn4xyQ=,next,888888,
45236,Reliance Jio Infocomm Ltd.,https://careers.jio.com/frmfuncwisejob.aspx?func=+N8Lct33Jv0=&desc=8GyES+LxTYs27VYiWNoOcnpQKLN6RrsteioJ7wv14Mw=&flag=/wASbQn4xyQ=,next,888888,
45236,Reliance Jio Infocomm Ltd.,https://careers.jio.com/frmfuncwisejob.aspx?func=iagoXevzHSM=&desc=zXjJNi2axnaB+/+5QztcnD9bysz9XDZR&flag=/wASbQn4xyQ=,next,888888,
45236,Reliance Jio Infocomm Ltd.,https://careers.jio.com/frmfuncwisejob.aspx?func=gWvrrh5zGtI=&desc=mTguo2G3v48gDIhhMAlENMjRTPRxPfZF&flag=/wASbQn4xyQ=,next,888888,
45236,Reliance Jio Infocomm Ltd.,https://careers.jio.com/frmfuncwisejob.aspx?func=OjgiwsmxLDM=&desc=STY5uyjt2IX+JWtw/FyqipkGHFJqSw/Q&flag=/wASbQn4xyQ=,next,888888,
45236,Reliance Jio Infocomm Ltd.,https://careers.jio.com/frmfuncwisejob.aspx?func=ZUjYSRaPwXk=&desc=j2l45spGiViWzWwU4BHAcWQY5BJseuxl&flag=/wASbQn4xyQ=,next,888888,
45236,Reliance Jio Infocomm Ltd.,https://careers.jio.com/frmfuncwisejob.aspx?func=09Bqkj0vwzk=&desc=tBOU2f2ubJIKJJaEorlljoC0jBhJb9cLpWXiiP5HyBU=&flag=/wASbQn4xyQ=,next,888888,
45236,Reliance Jio Infocomm Ltd.,https://careers.jio.com/frmfuncwisejob.aspx?func=IrkgrIzeGC0=&desc=ni4dknKJ6TY=&flag=/wASbQn4xyQ=,next,888888,
45236,Reliance Jio Infocomm Ltd.,https://careers.jio.com/frmfuncwisejob.aspx?func=xi8h9nwdirs=&desc=Nh7dW6jCAXt3mc83y396HusJWmCpgnhmqm1aoU+Sf7M=&flag=/wASbQn4xyQ=,next,888888,
45236,Reliance Jio Infocomm Ltd.,https://careers.jio.com/frmfuncwisejob.aspx?func=t+ElH+qDJT0=&desc=3oXh1gaoakb7/I6vxlRLaw==&flag=/wASbQn4xyQ=,next,888888,
45236,Reliance Jio Infocomm Ltd.,https://careers.jio.com/frmfuncwisejob.aspx?func=NdFf11ZPMJc=&desc=76HYeCXONiqO2ZHJYPnc3w==&flag=/wASbQn4xyQ=,next,888888,
45236,Reliance Jio Infocomm Ltd.,https://careers.jio.com/frmfuncwisejob.aspx?func=j1fBMynq0j4=&desc=x5JKM2RCBlZCSWgrhaU9x3E2opWMrBbNG85zdkV+PfU=&flag=/wASbQn4xyQ=,next,888888,
45236,Reliance Jio Infocomm Ltd.,https://careers.jio.com/frmfuncwisejob.aspx?func=bsu/qLFrwOg=&desc=lSqmX8OJJvlBL4z1/AXtsw==&flag=/wASbQn4xyQ=,next,888888,
45236,Reliance Jio Infocomm Ltd.,https://careers.jio.com/frmfuncwisejob.aspx?func=aYW0s7xBWp8=&desc=8GyES+LxTYs5nA4gC5fhe8am/AaM/tHD&flag=/wASbQn4xyQ=,next,888888,
45236,Reliance Jio Infocomm Ltd.,https://careers.jio.com/frmfuncwisejob.aspx?func=f553gp6RgCk=&desc=YhJgFShXD7ZjFGzP95lsOA==&flag=/wASbQn4xyQ=,next,888888,
45236,Reliance Jio Infocomm Ltd.,https://careers.jio.com/frmfuncwisejob.aspx?func=7C665/Pbdio=&desc=p/5Acq7Gvw7Wl+plNdqzFhnnfTj+AvAbCIN24WpAEk8=&flag=/wASbQn4xyQ=,next,888888,
45236,Reliance Jio Infocomm Ltd.,https://careers.jio.com/frmfuncwisejob.aspx?func=2pGaMqAexDY=&desc=am1AraTXtX4/W/EJK6dzzw==&flag=/wASbQn4xyQ=,next,888888,
45236,Reliance Jio Infocomm Ltd.,https://careers.jio.com/frmfuncwisejob.aspx?func=lBni4ByG7WY=&desc=aYDQGbQGkVbO8SxVL0ar2yzLBPLYhJhQ&flag=/wASbQn4xyQ=,next,888888,
45236,Reliance Jio Infocomm Ltd.,https://careers.jio.com/frmfuncwisejob.aspx?func=+rNGQNGmEnE=&desc=b/YLXahZbrQb/yiQ0JMKog==&flag=/wASbQn4xyQ=,next,888888,
45236,Reliance Jio Infocomm Ltd.,https://careers.jio.com/frmfuncwisejob.aspx?func=dqCENel97zE=&desc=e8QxpfsFUsNHwoM98Rzlj0If4G/FvQwMJS6y7ngjDQc=&flag=/wASbQn4xyQ=,next,888888,
45236,Reliance Jio Infocomm Ltd.,https://careers.jio.com/frmfuncwisejob.aspx?func=jTmfQsUUQy0=&desc=6Bq53CZObjk=&flag=/wASbQn4xyQ=,next,888888,
45236,Reliance Jio Infocomm Ltd.,https://careers.jio.com/frmfuncwisejob.aspx?func=7pmBchqPBlI=&desc=QzMlnM8pRhehjo2xB3TmUg==&flag=/wASbQn4xyQ=,next,888888,
45236,Reliance Jio Infocomm Ltd.,https://careers.jio.com/frmfuncwisejob.aspx?func=9yI5jGhdFLw=&desc=p/5Acq7Gvw7BsbzsEQ15iI8xoZW9iC+q&flag=/wASbQn4xyQ=,next,888888,
45236,Reliance Jio Infocomm Ltd.,https://careers.jio.com/frmfuncwisejob.aspx?func=xiFo6zLluvo=&desc=B5SsmjDFtUxY18QQ2oFGsx6HRqdDb3BD&flag=/wASbQn4xyQ=,next,888888,
34,Accenture,https://www.accenture.com/in-en/careers/jobsearch,,888888,
46634,Astegic,https://www.astegic.com/about/careers/,next,888888,
21131,Ceequence Technologies Private Limited,http://www.ceequence.com/openings.html,next,888888,
,,,,,
46604,Leo Marcom Private Limited,https://www.leomarcom.com/careers/,next,888888,
42399,COMMSCOPE INC.,https://jobs.commscope.com/search/?q=&optionsFacetsDD_country=,loadmore,888888,
992,Merck Group,https://jobs.vibrantm.com/merck/search/?createNewAlert=false&q=&locationsearch=india,next,888888,
46613,FabHotels,https://www.fabhotels.com/careers,next,888888,
25665,DP World,https://ehpv.fa.em2.oraclecloud.com/hcmUI/CandidateExperience/en/sites/CX_1/jobs,scrolldown,888888,
521,Halliburton Ltd,https://jobs.halliburton.com/search/?createNewAlert=false&q=&locationsearch=India,next,888888,
,,,,,
22003,Alghanim Industries,https://careers.alghanim.com/search/?createNewAlert=false&q=&locationsearch=,pageselect,888888,
46455,Netsterz Infotech Pvt. Ltd.,http://netsterz.com/careers/,next,888888,
,,,,,
46383,SynersoftTechnologis,https://careers.blackbox.in/newhorizons/jsp/careersNew.jsp,next,888888,
38352,"ROCKSTAR GAMES, INC.",https://www.rockstargames.com/careers/openings,next,888888,
,,,,,
33463,ASTRA ZENECA PHARMA LIMITED,https://job-search.astrazeneca.com/search-jobs,next,888888,
46372,EDUCBA,https://www.educba.com/careers/,next,888888,
46644,e-Zest Solutions,https://www.e-zest.com/careers#jobs,loadmore,888888,
,,,,,
4295,Bentley Systems,https://jobs.bentley.com/search/?q=&q2=&alertId=&locationsearch=&geolocation=&searchby=location&d=10&lat=&lon=&title=&location=india&date=,next,888888,
14257,Schindler,https://job.schindler.com/Schindler/search/?q=&locationsearch=&optionsFacetsDD_country=IN&locale=en_US,pageselect,888888,
46659,Cyfuture India Pvt Ltd,https://cyfuture.com/current-opportunities.html,next,888888,
,,,,,
46063,Coupa Software Inc,https://jobs.lever.co/coupa?location=Pune%2C%20India,next,888888,
46674,Solwin Infotech,https://www.solwininfotech.com/career/,next,888888,
46676,Xcellence-IT,https://www.xcellence-it.com/career/,next,888888,
,,,,,
46688,AppDirect,https://www.appdirect.com/about/careers,next,888888,
-2109,ASKEXIM SERVICES PRIVATE LIMITED,http://jobsearch.askexim.com/,next,888888,
-2066,CLIENT OF CHAMPIONS IT CONSULTANCY PRIVATE LIMITED,http://championsit.com/SAP-Jobs.php,next,888888,
-2090,MUNSAR SERVICES,http://www.munsarservices.com/types_of_jobs_available,next,888888,
46695,ComputoVision,https://www.computovision.com/work-with-us,next,888888,
46750,BOSON INFRA INDIA PRIVATE LIMITED,http://www.bosoninfra.in/career/?search_keywords=&selected_category=-1&selected_jobtype=-1&selected_location=-1,next,888888,
2998,BHTC,https://www.bhtc.com/en/jobs/india,next,888888,
46719,Ebix,http://career.ebix.com/find_your_fit,pageselect,888888,
33818,RNF Technologies,https://www.rnftechnologies.com/join-our-team/current-openings,next,888888,
-2150,RANGAM INFOTECH PVT. LTD.,https://career.rangaminfotech.com/jobs/Listing,pageslelect,888888,
46756,Dover Corporation,https://careers.dovercorporation.com/search/?createNewAlert=false&q=&locationsearch=India&optionsFacetsDD_department=&optionsFacetsDD_facility=,pageselect,888888,
46788,Spot In Job Consultancy,https://spotinjob.com/job-listing,next,888888,
46785,Quantiphi,https://quantiphi.wd1.myworkdayjobs.com/Careers_at_Quantiphi,pageselect,888888,
-2114,MUMBAI ROZGAAR PVT LTD,http://career.mumbairozgaar.com/jobseeker/currentjobs,pageselect,888888,
809,Zenith Computers Ltd,http://zenithcomputers.com/jobs/,next,888888,
217,Bajaj finserv,https://bflcareers.peoplestrong.com/job/joblist,pageselect,888888,
46880,Inscripts,https://www.inscripts.com/careers/openings,next,888888,
46900,SmartStream Technologies,https://smartstreamhr.secure.force.com/recruit/fRecruit__ApplyJobList,next,888888,
,,Jan 12,,,
46906,travel triangle,https://traveltriangle.com/career,next,888888,
-2224,HUSYS CONSULTING LTD,https://portal.aphusys.com/jobs/search_jobs?name=&skills=&exp_from=0&location=,next,888888,
3195,Nagarro,https://www.nagarro.com/en/careers/job-search,next,888888,
21602,Boston Scientific,https://jobs.bostonscientific.com/search/?q=,pageselect,888888,
545,Hero MotoCorp,https://jobs.heromotocorp.com/search/?q=,pageselect,888888,
,,,,,
-2013,SEVEN CONSULTANCY,https://www.7consultancy.in/vacancy.php,pageselect,888888,
26128,Master Card,https://careers.mastercard.com/us/en/search-results,pageselect,888888,
21505,Walt Disney Company,https://jobs.disneycareers.com/location/india-jobs/391-5733-5732/1269750/2,next,888888,
1910,Thomson Reuters,http://jobs.thomsonreuters.com/ListJobs/All/Search/tr-full-country-name/india/,pageselect,888888,
,,,,,
47051,Kartik Infratown Pvt Ltd,http://www.kartikinfratown.com/career.php,next,888888,
,,,,,
2107,Dell,https://jobs.dell.com/en/search-jobs/India/,next,888888,
,,,,,
1989,UBS Global,https://jobs.ubs.com/TGnewUI/Search/Home/Home?partnerid=25008&siteid=5012#home,next,888888,
,,,,,
19351,Medtronic,https://jobs.medtronic.com/jobs/search/,pageselect,888888,
-2238,ADEEBA E SERVICES PVT LTD,https://careers.smartrecruiters.com/AdeebaEServicesPvtLtd2,loadmore,888888,
-2240,BLUEBERRY LABS PRIVATE LIMITED,https://careers.smartrecruiters.com/BlueberryLabsPrivateLimited,loadmore,888888,
-2241,BRINGLE ACADEMY,https://careers.smartrecruiters.com/BringleExcellence,loadmore,888888,
-2243,FINITE HR CONSUTING PVT LTD,https://careers.smartrecruiters.com/FiniteHRConsulting,loadmore,888888,
-2244,GLOCAL HEALTH CARE SYSTEM PVT LTD,https://careers.smartrecruiters.com/GHSPtL,next,888888,
-2245,HASHTAGTALENT,https://careers.smartrecruiters.com/HashtagTalent,scrolldown,888888,
-2246,"HITACHI SOLUTIONS, LTD.",https://careers.smartrecruiters.com/HitachiSolutions,scrolldown,888888,
-2249,INTERSOFTKK (INDIA) PVT. LTD.,https://careers.smartrecruiters.com/Intersoftkk1,loadmore,888888,
-2250,JAT GLOBAL PVT LTD,https://careers.smartrecruiters.com/JATGlobalPvtLtd,next,888888,
-2251,JOBNATH HR SERVICES,https://careers.smartrecruiters.com/Jobnath,scrolldown,888888,
,,,,,
,,,,,
46778,Vaal Triangle Systems,https://www.vaal-triangle.com/careers/,next,888888,
46779,DemandMatrix,https://careers.smartrecruiters.com/DemandMatrix,next,888888,
,,,,,
,,,,,
,,,,,
,,,,,
,,,,,
,,,,,
-2252,KG TIGER,https://careers.smartrecruiters.com/KGTiger2,next,888888,
-2253,LINKTAG,https://careers.smartrecruiters.com/LINKTAG,scrolldown,888888,
-2254,LINUXBEAN SOLUTION PVT LTD,https://careers.smartrecruiters.com/LinuxBeanSolutionPvtLtd/,loadmore,888888,
-2255,NARMADATECH,https://careers.smartrecruiters.com/Narmadatech,loadmore,888888,
-2256,ONQANET TECHNOLOGIES PVT LTD,https://careers.smartrecruiters.com/OnqanetTechnologiesPvtLtd,loadmore,888888,
-2259,PH7,https://careers.smartrecruiters.com/ph7/,scrolldown,888888,
-2261,SPEAKWELL ENTERPRISES PVT. LTD.,https://careers.smartrecruiters.com/Speakwell,next,888888,
,,,,,
,,,,,
,,,,,
,,,,,
46134,Unified Cloud Pvt Ltd,https://www.unifycloud.com/jobs/,next,888888,
,,,,,
46895,Papasiddhi,https://www.papasiddhi.com/careers/,next,888888,
,,,,,
46982,DBAMART,http://dbamart.com/careers/,next,888888,
24221,DreamSol TeleSolutions Private Limited,http://dreamsol.biz/working-at-dreamsol/,next,888888,
,,,,,
-2288,Splash India Private Limited,https://widget.recooty.com/openings.php?key=5b2ddf5a92730d3fa68475307a7cb1c9c018b827104ee,next,888888,
-2289,Vkonnect,http://tnes.in.talentnow.com/v-konnect/Careers/CurrentOpenings.aspx,pageselect,888888,
-2293,AKS WebSoft Consulting Pvt. Ltd,https://www.akswebsoft.com/career.html,next,888888,
46180,Eastson's Pvt. Ltd.,http://eastsons.com/career.php,next,888888,
,,,,,
,,,,,
46256,Exotel,https://exotel.com/careers/,next,888888,
46258,Razorpay,https://job-boards.greenhouse.io/razorpaysoftwareprivatelimited,next,888888,
46273,Acodez IT Solutions,https://acodez.in/careers/,next,888888,
,,,,,
32855,Chegg Inc.,https://osv-chegg.wd5.myworkdayjobs.com/en-US/Chegg/jobs,pageselect,888888,
46044,Snap Inc.,https://www.snap.com/en-US/jobs/,next,888888,
46278,Netflix,https://explore.jobs.netflix.net/careers?pid=790302402380&Teams=Communications%20%26%20Corporate%20Affairs&domain=netflix.com&sort_by=relevance&triggerGoButton=false,loadmore,888888,
46277,Phonepe,https://www.phonepe.com/careers/job-openings/,next,888888,
,,,,,
,,,,,
48464,Continental,https://www.continental-jobs.com/index.php?ac=search_result&search_criterion_country%5B%5D=20&search_criterion_language%5B%5D=EN&search_criterion_channel%5B%5D=12&language=2,next,888888,
,,,,,
48540,ProAssert,http://www.proassert.com/careers.html,next,888888,
,,,,,
,,,,,
,,,,,
48628,ChargePoint,https://www.chargepoint.com/about/opportunities/,next,888888,
,,,,,
48657,Fivetran,https://fivetran.com/careers,next,888888,
48480,Centrient Pharmaceuticals,https://www.centrient.com/join-us/vacancies,next,888888,
,,,,,
,,,,,
48577,Powerschool,https://www.powerschool.com/company/careers/#jobs-form-12,next,888888,
,,,,,
48585,West Pharmaceutical Services,https://careers.westpharma.com/search/?clearq=1,pageselect,888888,
48586,Koshda Buildcon,http://www.koshda.com/buildcon/Careers.html,next,888888,
48589,Hubbell Incorporated,https://careers.hubbell.com/search/?createNewAlert=false&q=&locationsearch=India,next,888888,
,,,,,
48605,Sahyog Jobs Consultancy,http://www.sahyogjobsconsultancy.in/current-openings/,pageselect,888888,
,,,,,
,,,,,
48725,Ceragon,https://www.ceragon.com/about-ceragon/careers,next,888888,
,,,,,
,,,,,
,,,,,
48691,Cohesity,https://www.cohesity.com/company/careers/open-positions/,next,888888,
,,,,,
48709,Meegaan Consulting,https://meegaan.com/careers/,next,888888,
48721,Cyber Media (India) Ltd.,https://cybermedia.co.in/category/career-opportunity/,next,888888,
,,,,,
,,,,,
,,,,,
,,,,,
,,,,,
,,,,,
48741,Icubespro,https://www.icubespro.com/current-openings.html,next,888888,
48744,Wizikey,https://careers.smartrecruiters.com/Wizikey,next,888888,
,,,,,
17765,Telstra,https://telstra.wd3.myworkdayjobs.com/Telstra_Careers,pageselect,888888,
,,,,,
,,,,,
,,,,,
14053,HyTech Professionals India Private Limited,https://www.hytechpro.com/career,next,888888,
46607,Tempest Advertising Private Limited,https://www.tempestadvertising.com/currentopenings/,next,888888,
,,,,,
48774,Walter P Moore,https://careers-walterpmoore.icims.com/jobs/search?ss=1&searchLocation=13228,pageselect,888888,
48814,Trustklub Consulting Pvt Ltd,http://trustklub.com/jobs-on-fire/,next,888888,
,,,,,
,,,,,
,,,,,
46502,Air Arabia,https://careers.airarabia.com/airarabia/search/?createNewAlert=false&q=&locationsearch=,pageselect,888888,
45775,Taskbob,https://taskbob2015.recruiterbox.com/,next,888888,
3415,ExxonMobil,https://jobs.exxonmobil.com/go/View-all-openings/3012100/,pageselect,888888,
,,13 Jan,,,
48831,Bombardier Inc.,https://jobs.bombardier.com/search/?createNewAlert=false&q=&locationsearch=India,next,888888,
48833,RGF Professional,https://www.india.rgf-professional.com/jobs,pageselect,888888,
,,,,,
,,,,,
48877,capgemini,https://www.capgemini.com/careers/join-capgemini/job-search/?size=15,loadmore,888888,
48872,Religiate Interactive Brand Consulting Pvt Ltd,http://www.religiate.com/we-are-hiring-all-positions,next,888888,
,,,,,
,,,,,
48892,Aera Technology,https://www.aeratechnology.com/careers,next,888888,
48887,grazitti interactive,https://www.grazitti.com/company/careers/job-listing/,next,888888,
48912,Palo Alto Networks,https://jobs.paloaltonetworks.com/en/search-jobs/java/47263/1,next,888888,
48912,Palo Alto Networks,https://jobs.paloaltonetworks.com/careers/global-customer-support/,next,888888,
48912,Palo Alto Networks,https://jobs.paloaltonetworks.com/careers/research-development/,next,888888,
48912,Palo Alto Networks,https://jobs.paloaltonetworks.com/careers/sales/,next,888888,
48914,Clinton Health Access Initiative,https://careers-chai.icims.com/jobs/search?ss=1&searchLocation=13980--,pageselect,888888,
,,,,,
42106,coderea technologies,http://www.coderea.com/jobs/,next,888888,
48956,Pioneer Management Consultant Pvt. Ltd.,http://www.pmcpl-india.com/jobs.php?page=1,pageselect,888888,
,,,,,
48953,Geosys IT Solutions PVT LTD.,http://www.geosysitsolutions.com/career.html,samepage,888888,
48949,AugmatrixGo,http://www.augmatrixgo.com/job-opportunites/,pageselect,888888,
,,,,,
,,,,,
24736,Software AG,https://jobs.softwareag.com/search/?createNewAlert=false&q=india,next,888888,
48936,Verbat Technologies,https://careers.verbat.com/job-listing,next,888888,
38550,Arrow Electronics,https://careers.arrow.com/us/en/search-results?qcountry=India,pageselect,888888,
1978,TE CONNECTIVITY CORPORATION,https://careers.te.com/search/?createNewAlert=false&q=&locationsearch=India,pageselect,888888,
48977,Aqua Security,https://www.aquasec.com/about-us/careers/#openpositions,next,888888,
34877,Xicom Technologies Ltd,https://www.xicom.biz/careers/,next,888888,
,,,,,
49023,origin hr,http://www.originhr.in/careers/,pageselect,888888,
49017,Leica Biosystems,https://jobs.danaher.com/global/en/leica-biosystems-search-results,pageselect,888888,
,,,,,
,,,,,
49008,Pattem Digital Technologies,https://pattemdigital.com/careers/,next,888888,
49041,circuitsutra technologies pvt ltd,http://www.circuitsutra.com/opportunities.html,next,888888,
,,,,,
,,,,,
49057,TEKNORIX,https://teknorix.jobsoid.com/,next,888888,
49056,TechnoEmpire Systems,http://tes-india.com/opn,next,888888,
,,,,,
48962,The Lubrizol Corporation,https://jobs.lubrizol.com/search/?locationsearch=india,next,888888,
,,,,,
,,,,,
49001,Trinetra iWay,https://www.trinetrawireless.com/careers/,next,888888,
49083,resourceq services,https://careers.smartrecruiters.com/ResourceQServices,next,888888,
49073,IQVIA,https://jobs.iqvia.com/en/jobs,next,888888,
,,,,,
,,,,,
,,,,,
,,,,,
,,,,,
49099,ICF,https://www.icf.com/careers/jobs?location=India,pageselect,888888,
36797,Cargotec,https://jobs.cargotec.com/search/?q,pageselect,888888,
,,,,,
49137,ni consulting services pvt ltd,https://www.nics.in/career/,next,888888,
,,,,,
,,,,,
229,Bank of America,https://careers.bankofamerica.com/en-us/job-search/india,pageselect,888888,
49112,rudra softech,http://www.rudrasoftech.com/jobMaster,next,888888,
1499,Relyon Softech,https://relyonsoft.com/careers/,next,888888,
,,,,,
,,,,,
49128,VISION EDUCARE and IT SOLUTION PRIVATE LIMITED,https://evisionits.com/Career,next,888888,
companyId,companyName,companyUrl,flow,serverNumber,13/01
-2293,AKS WebSoft Consulting Pvt. Ltd,https://www.akswebsoft.com/career.html,next,888888,
-2289,Vkonnect,http://tnes.in.talentnow.com/v-konnect/Careers/CurrentOpenings.aspx,pageselect,888888,
-2288,Splash India Private Limited,https://widget.recooty.com/openings.php?key=5b2ddf5a92730d3fa68475307a7cb1c9c018b827104ee,next,888888,
-2261,SPEAKWELL ENTERPRISES PVT. LTD.,https://careers.smartrecruiters.com/Speakwell,next,888888,
-2259,PH7,https://careers.smartrecruiters.com/ph7/,scrolldown,888888,
-2256,ONQANET TECHNOLOGIES PVT LTD,https://careers.smartrecruiters.com/OnqanetTechnologiesPvtLtd,loadmore,888888,
-2255,NARMADATECH,https://careers.smartrecruiters.com/Narmadatech,loadmore,888888,
-2254,LINUXBEAN SOLUTION PVT LTD,https://careers.smartrecruiters.com/LinuxBeanSolutionPvtLtd/,loadmore,888888,
-2253,LINKTAG,https://careers.smartrecruiters.com/LINKTAG,scrolldown,888888,
-2252,KG TIGER,https://careers.smartrecruiters.com/KGTiger2,next,888888,
-2251,JOBNATH HR SERVICES,https://careers.smartrecruiters.com/Jobnath,scrolldown,888888,
-2250,JAT GLOBAL PVT LTD,https://careers.smartrecruiters.com/JATGlobalPvtLtd,next,888888,
-2249,INTERSOFTKK (INDIA) PVT. LTD.,https://careers.smartrecruiters.com/Intersoftkk1,loadmore,888888,
-2246,"HITACHI SOLUTIONS, LTD.",https://careers.smartrecruiters.com/HitachiSolutions,scrolldown,888888,
-2245,HASHTAGTALENT,https://careers.smartrecruiters.com/HashtagTalent,scrolldown,888888,
-2244,GLOCAL HEALTH CARE SYSTEM PVT LTD,https://careers.smartrecruiters.com/GHSPtL,next,888888,
-2243,FINITE HR CONSUTING PVT LTD,https://careers.smartrecruiters.com/FiniteHRConsulting,loadmore,888888,
-2241,BRINGLE ACADEMY,https://careers.smartrecruiters.com/BringleExcellence,loadmore,888888,
-2240,BLUEBERRY LABS PRIVATE LIMITED,https://careers.smartrecruiters.com/BlueberryLabsPrivateLimited,loadmore,888888,
-2238,ADEEBA E SERVICES PVT LTD,https://careers.smartrecruiters.com/AdeebaEServicesPvtLtd2,loadmore,888888,
229,Bank of America,https://careers.bankofamerica.com/en-us/job-search/india,pageselect,888888,
1499,Relyon Softech,https://relyonsoft.com/careers/,next,888888,
1978,TE CONNECTIVITY CORPORATION,https://careers.te.com/search/?createNewAlert=false&q=&locationsearch=India,pageselect,888888,
1989,UBS Global,https://jobs.ubs.com/TGnewUI/Search/Home/Home?partnerid=25008&siteid=5012#home,next,888888,
2107,Dell,https://jobs.dell.com/en/search-jobs/India/,next,888888,
3415,ExxonMobil,https://jobs.exxonmobil.com/go/View-all-openings/3012100/,pageselect,888888,
14053,HyTech Professionals India Private Limited,https://www.hytechpro.com/career,next,888888,
17765,Telstra,https://careers.telstra.com/explore-jobs?country=IN,pageselect,888888,
19351,Medtronic,https://jobs.medtronic.com/jobs/search/,pageselect,888888,
24221,DreamSol TeleSolutions Private Limited,http://dreamsol.biz/working-at-dreamsol/,next,888888,
24736,Software AG,https://jobs.softwareag.com/search/?createNewAlert=false&q=india,next,888888,
32855,Chegg Inc.,https://osv-chegg.wd5.myworkdayjobs.com/en-US/Chegg/jobs,pageselect,888888,
34877,Xicom Technologies Ltd,https://www.xicom.biz/careers/,next,888888,
36797,Cargotec,https://jobs.cargotec.com/search/?q,pageselect,888888,
38550,Arrow Electronics,https://careers.arrow.com/us/en/search-results?qcountry=India,pageselect,888888,
42106,coderea technologies,http://www.coderea.com/jobs/,next,888888,
45775,Taskbob,https://taskbob2015.recruiterbox.com/,next,888888,
46044,Snap Inc.,https://www.snap.com/en-US/jobs/,next,888888,
46134,Unified Cloud Pvt Ltd,https://www.unifycloud.com/jobs/,next,888888,
46180,Eastson's Pvt. Ltd.,http://eastsons.com/career.php,next,888888,
46256,Exotel,https://exotel.com/careers/,next,888888,
46258,Razorpay,https://job-boards.greenhouse.io/razorpaysoftwareprivatelimited,next,888888,
46273,Acodez IT Solutions,https://acodez.in/careers/,next,888888,
46277,Phonepe,https://www.phonepe.com/careers/job-openings/,next,888888,
46278,Netflix,https://explore.jobs.netflix.net/careers?pid=790302402380&Teams=Communications%20%26%20Corporate%20Affairs&domain=netflix.com&sort_by=relevance&triggerGoButton=false,loadmore,888888,
46502,Air Arabia,https://careers.airarabia.com/airarabia/search/?createNewAlert=false&q=&locationsearch=,pageselect,888888,
46607,Tempest Advertising Private Limited,https://www.tempestadvertising.com/currentopenings/,next,888888,
46778,Vaal Triangle Systems,https://www.vaal-triangle.com/careers/,next,888888,
46779,DemandMatrix,https://careers.smartrecruiters.com/DemandMatrix,next,888888,
46895,Papasiddhi,https://www.papasiddhi.com/careers/,next,888888,
46982,DBAMART,http://dbamart.com/careers/,next,888888,
47051,Kartik Infratown Pvt Ltd,http://www.kartikinfratown.com/career.php,next,888888,
48464,Continental,https://www.continental-jobs.com/index.php?ac=search_result&search_criterion_country%5B%5D=20&search_criterion_language%5B%5D=EN&search_criterion_channel%5B%5D=12&language=2,next,888888,
48480,Centrient Pharmaceuticals,https://www.centrient.com/join-us/vacancies,next,888888,
48540,ProAssert,http://www.proassert.com/careers.html,next,888888,
48577,Powerschool,https://www.powerschool.com/company/careers/#jobs-form-12,next,888888,
48585,West Pharmaceutical Services,https://careers.westpharma.com/search/?clearq=1,pageselect,888888,
48586,Koshda Buildcon,http://www.koshda.com/buildcon/Careers.html,next,888888,
48589,Hubbell Incorporated,https://careers.hubbell.com/search/?createNewAlert=false&q=&locationsearch=India,next,888888,
48605,Sahyog Jobs Consultancy,http://www.sahyogjobsconsultancy.in/current-openings/,pageselect,888888,
48628,ChargePoint,https://www.chargepoint.com/about/opportunities/,next,888888,
48657,Fivetran,https://fivetran.com/careers,next,888888,
48691,Cohesity,https://www.cohesity.com/company/careers/open-positions/,next,888888,
48709,Meegaan Consulting,https://meegaan.com/careers/,next,888888,
48721,Cyber Media (India) Ltd.,https://cybermedia.co.in/category/career-opportunity/,next,888888,
48725,Ceragon,https://www.ceragon.com/about-ceragon/careers,next,888888,
48741,Icubespro,https://www.icubespro.com/current-openings.html,next,888888,
48744,Wizikey,https://careers.smartrecruiters.com/Wizikey,next,888888,
48774,Walter P Moore,https://careers-walterpmoore.icims.com/jobs/search?ss=1&searchLocation=13228,pageselect,888888,
48814,Trustklub Consulting Pvt Ltd,http://trustklub.com/jobs-on-fire/,next,888888,
48831,Bombardier Inc.,https://jobs.bombardier.com/search/?createNewAlert=false&q=&locationsearch=India,next,888888,
48833,RGF Professional,https://www.india.rgf-professional.com/jobs,pageselect,888888,
48872,Religiate Interactive Brand Consulting Pvt Ltd,http://www.religiate.com/we-are-hiring-all-positions,next,888888,
48877,capgemini,https://www.capgemini.com/careers/join-capgemini/job-search/?size=15,loadmore,888888,
48887,grazitti interactive,https://www.grazitti.com/company/careers/job-listing/,next,888888,
48892,Aera Technology,https://www.aeratechnology.com/careers,next,888888,
48912,Palo Alto Networks,https://jobs.paloaltonetworks.com/en/search-jobs/java/47263/1,next,888888,
48912,Palo Alto Networks,https://jobs.paloaltonetworks.com/careers/global-customer-support/,next,888888,
48912,Palo Alto Networks,https://jobs.paloaltonetworks.com/careers/research-development/,next,888888,
48912,Palo Alto Networks,https://jobs.paloaltonetworks.com/careers/sales/,next,888888,
48914,Clinton Health Access Initiative,https://careers-chai.icims.com/jobs/search?ss=1&searchLocation=13980--,pageselect,888888,
48936,Verbat Technologies,https://careers.verbat.com/job-listing,next,888888,
48949,AugmatrixGo,http://www.augmatrixgo.com/job-opportunites/,pageselect,888888,
48953,Geosys IT Solutions PVT LTD.,http://www.geosysitsolutions.com/career.html,samepage,888888,
48956,Pioneer Management Consultant Pvt. Ltd.,http://www.pmcpl-india.com/jobs.php?page=1,pageselect,888888,
48962,The Lubrizol Corporation,https://jobs.lubrizol.com/search/?locationsearch=india,next,888888,
48977,Aqua Security,https://www.aquasec.com/about-us/careers/#openpositions,next,888888,
49001,Trinetra iWay,https://www.trinetrawireless.com/careers/,next,888888,
49008,Pattem Digital Technologies,https://pattemdigital.com/careers/,next,888888,
49017,Leica Biosystems,https://jobs.danaher.com/global/en/leica-biosystems-search-results,pageselect,888888,
49023,origin hr,http://www.originhr.in/careers/,pageselect,888888,
49041,circuitsutra technologies pvt ltd,http://www.circuitsutra.com/opportunities.html,next,888888,
49056,TechnoEmpire Systems,http://tes-india.com/opn,next,888888,
49057,TEKNORIX,https://teknorix.jobsoid.com/,next,888888,
49073,IQVIA,https://jobs.iqvia.com/en/jobs,next,888888,
49083,resourceq services,https://careers.smartrecruiters.com/ResourceQServices,next,888888,
49099,ICF,https://www.icf.com/careers/jobs?location=India,pageselect,888888,
49112,rudra softech,http://www.rudrasoftech.com/jobMaster,next,888888,
49128,VISION EDUCARE and IT SOLUTION PRIVATE LIMITED,https://evisionits.com/Career,next,888888,
49137,ni consulting services pvt ltd,https://www.nics.in/career/,next,888888,
145,Ample Technologies Pvt Ltd,https://ems.ample.co.in/work/careers/,next,888888,
207,Avaya Technologies,https://careers.avaya.com/search/?createNewAlert=false&q=India,next,888888,
665,Integrated Wireless Solutions Pvt Ltd,http://www.iwsindia.com/career.php,next,888888,
801,Yash Technologies,https://careers.yash.com/search?q=&locationsearch=India,pageselect,888888,
1157,Info Gain,https://www.infogain.com/careers/india-jobs/,next,888888,
1508,Rieter India,https://live.solique.ch/rieter/en/internet/?country=050,next,888888,
2318,Access Healthcare,https://www.accesshealthcare.com/careers/jobs-in-india/mumbai,next,888888,
2318,Access Healthcare,https://www.accesshealthcare.com/careers/jobs-in-india/chennai,next,888888,
2318,Access Healthcare,https://www.accesshealthcare.com/careers/jobs-in-india/noida,next,888888,
3803,DATA PATTERNS (I) PVT LTD,https://www.datapatternsindia.com/careers/current-openings.php,next,888888,
6642,Apotex,https://careers.apotex.com/search/?searchby=location&createNewAlert=false&q=&locationsearch=India&geolocation=&optionsFacetsDD_title=&optionsFacetsDD_lang=,pageselect,888888,
11480,OM SOFTWARE,https://www.omsoftware.net/careers/search-for-jobs,next,888888,
28566,Suzlon Energy,https://www.suzlon.com/in-en/careers/job-opportunity,next,888888,
31944,RG Infotech,http://www.rginfotech.com/careers/,next,888888,
32032,CRIMSON INTERACTIVE PVT. LTD,https://crimsoniteam.freshteam.com/jobs/search?utf8=%E2%9C%93&%5Bquery%5D=&%5Bbranch_id%5D=4000004626&commit=Go,next,888888,
33140,PerkinElmer,"https://jobs.perkinelmer.com/search-jobs?acm=ALL&alrpm=1269750&ascf=[{%22key%22:%22ALL%22,%22value%22:%22%22}]",next,888888,
33180,petroleum development oman,https://www.petrojobs.om/en-us/Pages/Job/Search_result.aspx?Keyword=&cpn=-1&depid=-1&type=s,next,888888,
41734,TRAYEE BUSINESS SOLUTIONS PRIVATE LIMITED,https://www.trayee.com/job-openings,next,888888,
45792,Mitel Networks,https://jobs.jobvite.com/mitel/search?c=&l=Bangalore&q=,page select,888888,
45874,Einstro,https://www.einstro.com/Careers/Current_Openings.html,next + pageselect,888888,
46049,Randstad Mena,https://www.randstad.in/jobs/,loadmore,888888,
46051,Visa Inc.,https://www.visa.co.in/en_in/jobs/?cities=Bangalore&cities=Mumbai,next,888888,
46318,info search,https://www.infosearchbpo.com/careers.php,next,888888,
46431,ViSolve,https://www.visolve.com/about-us/careers-update.html,next,888888,
46567,KUWAITNET,https://careers.kuwaitnet.com/en/,next,888888,
46646,Arista Networks,https://www.arista.com/en/careers/information-technology,next,888888,
47818,Soulilution IT Services (P) Ltd.,http://www.soulilution.com/career,next,888888,
47824,Truechip Solutions,https://www.truechip.net/careers,next,888888,
47829,Astreya Partners,https://astreya.com/open-positions/,next,888888,
47831,Shipsy,https://www.shipsy.in/careers/,next,888888,
47865,Alakmalak Technologies,https://www.alakmalak.com/career.html,next,888888,
47902,CloudMoyo,https://careers.smartrecruiters.com/CloudMoyo/cloudmoyo-india-careers,next,888888,
47911,MIRACLE HR SOLUTION PRIVATE LIMITED,http://miraclehrs.in/currentjobs.php?page=1&ipp=All,next,888888,
47912,I SOLUTION MICROSYSTEMS PRIVATE LIMITED,https://www.isolutiononline.com/current-openings.html,next,888888,
47960,Ridecell,https://www.ycombinator.com/companies/ridecell/jobs,next,888888,
47976,PROPELLUM INFOTECH PRIVATE LIMITED,https://www.propellum.com/career.php,next,888888,
47993,ASL HR SOLUTIONS PRIVATE LIMITED,http://aslhr.com/open-positions/,next,888888,
47994,HACKEREARTH TECHNOLOGIES PRIVATE LIMITED,https://www.hackerearth.com/companies/hackerearth/jobs/,next,888888,
47996,IIIEM GLOBAL TRAINING PRIVATE LIMITED,https://www.iiiem.in/work-with-us.html,next,888888,
48000,Winthru Consulting and Training,http://www.winthru.com/careers.php,next,888888,
48002,EMARKETZ INDIA PRIVATE LIMITED,https://www.emarketz.net/jobs-careers/browse-jobs,next,888888,
48009,Kirusa,https://www.kirusa.com/work-with-us#jobs,next,888888,
48038,Peepal Consulting,http://careers.peepalconsulting.com/professionals/,next,888888,
48064,Euromonitor,https://www.euromonitor.com/careers,next,888888,
48074,Cellworks,https://cellworks.life/company/careers,next,888888,
48109,Versa Networks,https://www.versa-networks.com/about/careers/,showmore,888888,
48110,Arnold Consulting Private Limited,https://arnoldconsultants.com/global/joblisting.php?jobbycountry=1&countryid=1,next,888888,
48113,HackerRank,https://www.hackerrank.com/careers/?h_r=home&h_l=footer,next,888888,
48115,BuyHatke,https://compare.buyhatke.com/company/#,next,888888,
48129,AUGRAY PRIVATE LIMITED,https://augray.com/careers,next,888888,
48138,ColorTokens,https://colortokens.com/careers/,next,888888,
48146,Harness,https://www.harness.io/company/jobs,loadmore,888888,
48161,Rambus,https://careers.rambus.com/jobs/search?page=1&country_codes%5B%5D=IN&query=,next,888888,
48164,Wordplay Content,https://www.wordplaycontent.com/jobs,next,888888,
48173,PlaySimple Games,https://playsimple.in/#jobs_wrap,next,888888,
48203,VAGUS TECHNOLOGIES PRIVATE LIMITED,http://www.vagustech.com/Join_us/JobOpportunities,next,888888,
48209,CoWrks,https://www.cowrks.com/careers,next,888888,
49174,Dinero Software,https://dinerosoftware.com/career/,next,888888,
49185,A. J. Placement Consultants.,http://ajplacement.com/search-job,next,888888,
49186,Jumbotail Technologies,http://jumbotail.com/careers/,next,888888,
49194,Wenger and Watson,http://wengerwatson.com/other-jobs,loadmore,888888,
49195,SAP,https://jobs.sap.com/search/?q=&locationsearch=India&locale=en_US,pageselect,888888,
49198,aj consultants,http://ajplacement.com/search-job,next,888888,
49213,ADROIT LEARNING AND MANPOWER PVT LTD,https://www.adroitnaukri.com/current-jobs/,pageselect,888888,
49216,DG7,https://www.dg7.in/careers/,next,888888,
49221,aarika hr professionals,http://www.aarikahrprofessionals.com/jobs/,next,888888,
49228,SUPRO INFO SOLUTIONS PRIVATE LIMITED,https://www.suproinfo.com/jobs-modern-list/?location=india,next,888888,
49234,Ivalua,https://www.ivalua.com/company/careers/#jobs,next,888888,
49235,GEOSYS ENTERPRISE SOLUTIONS Pvt. Ltd,http://geosys.co.in/careers.html,next,888888,
49236,NIFM Educational Institutions Ltd,https://www.nifm.in/present-openings-in-nifm.php,next,888888,
49257,v support solutions,http://vsupportsolutions.in/careers/,loadmore,888888,
49264,doodleblue Innovations,https://www.doodleblue.com/careers/openings,next,888888,
49265,RANGAM INFOTECH PVT. LTD.,https://career.rangaminfotech.com/,pageselect,888888,
49288,Turnitin,https://careers.smartrecruiters.com/TurnitinLLC?search=india,next,888888,
49288,Clearwater Analytics,https://www.clearwater-analytics.com/careers,next,888888,
49327,Acaira Technologies,https://www.acaira.com/Career.aspx,next,888888,
49344,global invisions consulting,https://www.giholdingcorp.com/careers/,next,888888,
49379,Maania Consultancy Services,https://maania.applytojob.com/apply,next,888888,
49394,Interactive Brokers,https://boards.greenhouse.io/ibkr,pageselect,888888,
49399,Ideametrics,http://ideametrics.co.in/careers/,next,888888,
49404,Page Traffic,http://jobs.pagetraffic.in/,next,888888,
49419,TiVo,"https://jobs.jobvite.com/tivo/jobs/location?&l=Bangalore,%20India",next,888888,
49439,B.S.B. INTERNATIONAL CAREER PVT. LTD,https://bsbinternational.org.uk/career/?industry_cat=&deparment_cat=&country_name=202&city_name=&submit=Search,next,888888,
48231,Innovatia Inc,https://innovatia.applicantstack.com/x/openings,next,888888,1/15/2026
48234,The Better India,https://www.thebetterindia.com/careers/,next,888888,
48248,Kaleyra,https://kaleyra-talent.freshteam.com/jobs,next,888888,
48251,RDA Labs,https://rdalabs.com/careers/,next,888888,
46248,Fizzy Software Pvt. Ltd.,https://fizzy.recruiterbox.com/,next,888888,
46412,Haptik,https://haptik.ai/careers/,next,888888,
48254,Rubrik,https://www.rubrik.com/en/company/careers/departments/information-technology-services.53812,next,888888,
24024,Imagination Technologies,https://www.imgtec.com/careers/vacancies/,pageselect,888888,
33170,Pennywise Solutions Private Limited,https://www.pennywisesolutions.com/company/careers,next,888888,
46411,SAVIC,https://careers.savictech.com/search/?createNewAlert=false&q=&locationsearch=India,next,888888,
10911,Srijan Technologies,https://srijantech.recruiterbox.com/?position_type=full_time#content,next,888888,
7403,STJ Electronics Private Limited,https://www.saviorstj.com/index.php/careers,next,888888,
46630,Thrillophilia,https://www.thrillophilia.com/careers,next,888888,
46562,Zenoti,https://job-boards.greenhouse.io/zenoti,pageselect,888888,
1,AKZO NOBLE PVT LTD,https://careers.akzonobel.com/search/?createNewAlert=false&q=&locationsearch=india,next,888888,
46223,Fulcrum Digital,https://jobs.fulcrumdigital.com/jobs/North-America,next,888888,
,Fulcrum Digital,https://jobs.fulcrumdigital.com/jobs/UK-and-Europe,next,888888,
,Fulcrum Digital,https://jobs.fulcrumdigital.com/jobs/India,loadmore,888888,
48310,TopRankers,https://widget.recooty.com/openings.php?key=5b07807da8bae01476e597fbc92ba81cd6d251d26986f,next,888888,
48312,Creed Global Technologies,http://creedglobal.com/careers/,pageselect,888888,
46419,L and T Technology Services,https://jobs.ltts.com/go/INDIA/4590610/,next,888888,
1139,Pall Industries,https://jobs.danaher.com/global/en/search-results?qcountry=India,next,888888,
48334,Grab,https://grab.careers/jobs/,pageselect,888888,
25417,Progress Software Solutions,https://www.progress.com/company/careers/hyderabad,next,888888,
48078,Whatfix,https://whatfix101.recruiterbox.com/,next,888888,
47671,InfoSearch BPO Services,https://www.infosearchbpo.com/careers.php,next,888888,
48276,Ideapoke Technologies,https://www.ideapoke.com/careers.html,next,888888,
48346,SENOR METALS PRIVATE LIMITED,https://www.senormetals.in/current-opening.php,next,888888,
48349,AVANT GARDE OMNIMEDIA PRIVATE LIMITED,http://www.agomnimedia.com/career.php?pagenum=1&numresult=4&title=Career&p_type=4&catid=66,next,888888,
48401,Enventure Technology Services,https://www.enventure.com/about-us/careers,next,888888,
48463,Synchrony,https://www.synchronycareers.com/ListJobs?Country=IN,pageselect,888888,
48415,BlueOptima,https://www.blueoptima.com/careers,next,888888,
48428,Ekagga Technology,http://www.ekagga.com/career.html,next,888888,
48430,Intuitor SoftTech Services,http://www.intuitorit.com/index.php/open-positions/,next,888888,
48434,Clarisights,https://www.google.com/about/careers/applications/jobs/results?utm_source=about&utm_medium=referral&utm_campaign=footer-link,next,888888,
48439,Syniti,https://careers.syniti.com/go/Consulting/8777500/,next,888888,
49487,Zuan Technologies,https://www.zuantechnologies.com/careers/,next,888888,
49508,EVERYMEDIA ENTERTAINMENT MARKETING PRIVATE LIMITED,https://www.everymedia.world/careers/,next,888888,
49512,NLP People,https://nlppeople.com/job-tag/india/,next,888888,
27636,BAKER HUGHES,https://careers.bakerhughes.com/global/en/search-results?qcountry=India,pageselect,888888,
40538,Danaher Corporation,https://jobs.danaher.com/global/en/search-results?qcountry=India,next,888888,
49556,IWSS,https://www.indiwork.com/about/careers/,next,888888,
27482,Amgen,https://jobs.kennametal.com/search/?createNewAlert=false&q=&locationsearch=india&optionsFacetsDD_country=&optionsFacetsDD_city=&optionsFacetsDD_department=,loadmore,888888,
49629,DC Consultants,http://career.dcconsultants.in/,next,888888,
15369,Pinstorm,https://www.pinstorm.com/careers/,next,888888,
49622,LogiNext,https://www.loginextsolutions.com/job-roles,next,888888,
49640,US Pharmacopeia,https://usp.jobs/jobs/?location=India,loadmore,888888,
49611,Silicon Labs,https://careers.employinc.com/search/jobs,next,888888,
49659,Black Marlin Technologies,https://www.blackmarlintechnologies.com/career/,next,888888,
49688,Digital Latte,https://digitallatte.in/Careers,next,888888,
49743,CONNECTING 2 WORK,http://www.connecting2work.com/jobs/,pageselect,888888,
49741,Webware.io,https://www.webware.io/pages/footer/careers,next,888888,
49768,Quality HR Services,http://career.qualityhr.co.in/jobseeker/currentjobs-page-1,pageselect,888888,
49769,Decon Jobs,https://www.deconjobs.com/jobs.php,loadmore,888888,
49770,Career Care Guide,http://www.careercareguide.com/jobs.php,next,888888,
49756,Annapurna Group,https://www.annapurnagroup.in/career/,next,888888,
49794,ahom technologies private limited,https://www.ahomtech.com/career/,next,888888,
49800,TecStub,https://www.tecstub.com/careers/#career-table,next,888888,
8798,Spectrum Softtech Solutions Pvt. Ltd,https://www.spectrum.net.in/careers.pl,next,888888,
49881,iManage,https://imanagecom.applytojob.com/apply/jobs/,next,888888,
49914,Gametion,https://www.gametion.com/career/vacancy,next,888888,
49965,Doctor Multimedia,https://doctormultimedia.com/careers/,next,888888,
49966,NeuroGen Brain and Spine Institute,https://www.neurogenbsi.com/careers,next,888888,
49968,WHYFLEX HUMAN CAPITAL,http://whyflexhcs.com/careers/,next,888888,
49763,Khan Academy,https://www.khanacademy.org/careers#openings,next,888888,
49994,Lexington Soft,https://www.lexingtonsoft.com/careers/,next,888888,
50121,BlueNetVista,https://www.bluenetvista.com/careers/,next,888888,
50124,Times World Information Technology,https://www.timesworld.com/careers,next,888888,
50151,BatteryBhai.com,http://www.batterybhai.com/career.php,next,888888,
50171,Health Total,https://www.health-total.com/careers/,next,888888,
50188,L and T Technology Services Limited,https://jobs.ltts.com/go/INDIA/4590610/,next,888888,
50189,Aertrip,https://aertrip.com/careers,next,888888,
50190,Uscreen,https://www.uscreen.tv/careers/,next,888888,
50191,Zivanta Analytics,https://zivanta-analytics.com/careers/,next,888888,
50192,Dolphin Placements,https://www.dolphinplacements.com/jobs/?s=&location=,pageselect,888888,
50180,Believe,https://careers.smartrecruiters.com/Believe,loadmore,888888,
50233,CloudxLab Inc,https://cloudxlab.com/jobs/,next,888888,
50269,Mind Digital Group,https://www.minddigital.com/career/,next,888888,
50270,Hasbro,https://jobs.hasbro.com/search/?q=&q2=&alertId=&locationsearch=&title=&location=IN&date=,next,888888,
50277,Stratagyn,http://www.stratagyn.com/careers.html,next,888888,
50249,DealsCorner,https://dealscorner.in/career,next,888888,
50294,Lumicel Animation Studios,https://www.lumicel.net/lumicel-careers.html,next,888888,
50322,msg global solutions,https://careers.msg-global.com/search/?createNewAlert=false&q=&locationsearch=India,next,888888,
50315,Apptivo Inc,https://www.apptivo.com/about-us/careers/,next,888888,
50360,TRISA SOFTECH PVT LTD,http://www.trisasoftech.com/career/,next,888888,
50409,INNOVATION ROOTS,https://innoroo.com/about/careers/,next,888888,
50254,accugile technologies,https://accugile.com/careers/,next,888888,
50458,Embedded Systems Solutions Pvt Ltd.,http://www.embeddedindia.com/careers.html,next,888888,
50478,Tide,https://job-boards.greenhouse.io/tide?,pageselect,888888,
50508,Parallel Wireless,https://jobs.lever.co/parallelwireless,next,888888,
50511,Click Informatics,http://clickinformatics.com/careers.php,next,888888,
50579,Digi Interface,https://www.digiinterface.com/careers.php,next,888888,
50571,Infoz Software Solution,https://theinfoz.com/career/,next,888888,
50532,USTRAA,https://www.ustraa.com/content/cms/careers,next,888888,
50733,Niramai Health Analytix,https://www.niramai.com/careers/,next,888888,
50629,AxisTechnolabs,https://www.axistechnolabs.com/career,next,888888,
50759,CloudSEK,https://cloudsek.com/jobs/,next,888888,
50654,Brucode Technologies,http://www.brucode.com/careers,next,888888,
50620,Gowra Bits and Bytes,https://www.gbb.co.in/careers/,next,888888,
50718,GT Silicon,http://www.gt-silicon.com/careers.php,next,888888,
50727,RetailWins,https://www.retailwins.com/careers/,next,888888,
50836,BHARAT ELECTRICAL CONTRACTORS AND MANUFACTURER,https://becmpl.com/career,next,888888,
50812,Mactores,https://www.mactores.com/about/careers/,next,888888,
50896,FE fundinfo,https://apply.workable.com/fe-fundinfo/#,next,888888,
50897,Deal4loans,https://www.deal4loans.com/careers.php,next,888888,
50810,MarvyLogic,https://www.marvylogic.com/careers.html,pageselect,888888,
50790,LEXORBIS,https://www.lexorbis.com/careers/,next,888888,
50399,William E Connor and Associates,https://www.weconnor.com/careers/,next,888888,
47976,Propellum Infotech Pvt. Ltd.,https://www.propellum.com/career.php,next,888888,
50764,21st Century Informatics,http://www.21ci.com/careers/current-opportunities.html#.XvNb2UPhU8q,next,888888,
29909,Vista IT Solutions (VITS),https://www.vitspl.com/careers/,next,888888,
50905,The Plum Tree Group,https://plumtreegroup.applytojob.com/apply,next,888888,