companyId,companyName,companyUrl,flow,serverNumber
47084.0,Brahmaa Infotek,https://www.brahmaait.com/career/,next,888888.0
47157.0,Model N,https://www.modeln.com/company/careers/#job,next,888888.0
2163.0,RV Solutions Pvt. Ltd.,https://www.rvsolutions.in/careers/it-software/?cat_id=41,loadmore,888888.0
2163.0,RV Solutions Pvt. Ltd.,https://www.rvsolutions.in/careers/mobile_service/?cat_id=43,loadmore,888888.0
2163.0,RV Solutions Pvt. Ltd.,https://www.rvsolutions.in/careers/telecom_services/?cat_id=44,loadmore,888888.0
7472.0,Logitech,https://jobs.jobvite.com/logitech/search?r=India&c=&s=&q=,next,888888.0
6690.0,Armstrong International,https://armstronginternationalcareers.secure.force.com/recruit/fRecruit__ApplyJobList?portal=India,next,888888.0
7819.0,Prateek Group,https://www.prateekgroup.com/careers,next,888888.0
47179.0,Arcesium,https://www.arcesium.com/careers.html,next,888888.0
47114.0,THE TECH HUB,https://thetechhub.in/career,loadmore,888888.0
730.0,DXC Technologies,https://careers.dxc.com/job-search-results/?compliment[]=India,next,888888.0
21817.0,Al Futtaim,https://www.afuturewithus.com/search/?q=&sortColumn=referencedate&sortDirection=desc&startrow=0,pageselect,888888.0
4352.0,Vestas,https://careers.vestas.com/search/?q=&locationsearch=India,error,888888.0
46154.0,Tekshapers Software Solutions (P) Limited,https://www.tekshapers.com/career,next,888888.0
28377.0,The Digital Group,https://www.thedigitalgroup.com/careers,next,888888.0
46242.0,Amagi,https://www.amagi.com/careers/open-roles,pageselect,888888.0
47335.0,Retinodes Software Solutions Pvt. Ltd.,https://widget.recooty.com/openings.php?key=5b03f5a4b05a38ef77fad7fd4824745a7bd483a448a32,next,888888.0
37130.0,NICE,https://www.nice.com/careers/apply?location=Australia+-+Sydney,next,888888.0
1536.0,Saama Technologies,https://jobs.jobvite.com/saama/?nl=1&r=India,next,888888.0
,,,,
28455.0,SunArc Technologies,https://sunarctechnologies.com/career/,next,888888.0
14271.0,Scalable Systems,https://www.scalable-systems.com/job-opening.aspx,loadmore,888888.0
47305.0,Air Products,https://airproducts.wd5.myworkdayjobs.com/en-US/AP0001,scrolldown,888888.0
777777.0,Icims,https://careers.icims.com/careers-home/jobs,next,888888.0
47318.0,Wood,https://ehif.fa.em2.oraclecloud.com/hcmUI/CandidateExperience/en/sites/CX_1/jobs?mode=location,scrolldown,888888.0
47327.0,Enviro India,http://careers.enviroindia.in/,next,888888.0
47255.0,Inspirira,https://inspirria.com/positions,pageselect,888888.0
47328.0,Intense Interactive,https://www.intint.in/careers/,error,888888.0
11881.0,UPS,https://www.jobs-ups.com/global/en/search-results,next,888888.0
47366.0,VeerIT Solutions,https://veerit.com/careers/,loadmore,888888.0
47428.0,Monotype,https://monotype.wd1.myworkdayjobs.com/Monotype,next,888888.0
47377.0,Qualys,https://careers.employinc.com/search/jobs,next,888888.0
47411.0,Centurysoft,https://www.centurysoft.com/careers,next,888888.0
47424.0,Reliance Games,https://www.reliancegames.com/careers/,next,888888.0
47433.0,GainInsights Solutions,https://gain-insights.com/about/#jobs,next,888888.0
,,,,
47461.0,Hotelogix,https://www.hotelogix.com/careers,next,888888.0
47491.0,Rexcel IT Services Pvt. Ltd,http://www.rexcelitservices.com/careers/,next,888888.0
47492.0,Instant Systems,http://jobs.instantsys.com/careers/index.php?m=careers&p=showAll,next,888888.0
8556.0,Ubitech,http://www.ubitech.in/careers,loadmore,888888.0
47496.0,Genx,http://gen-xt.com/career/,next,888888.0
47501.0,Seven Star Websolutions,https://www.sevenstarwebsolutions.com/jobs/,loadmore,888888.0
10546.0,Aabasoft Technologies (India) Private Limited,https://www.aabasoft.com/in-en/career/,next,888888.0
47508.0,Global AgriSystem,https://www.globalagri.com/careers/current-openings/,next,888888.0
,,,,
47480.0,OakNorth,https://jobs.lever.co/oaknorth.ai?location=Bengaluru,next,888888.0
47480.0,OakNorth,https://jobs.lever.co/oaknorth.ai?location=Gurugram,next,888888.0
,,,,
,,,,
47544.0,TechSci Research,https://www.techsciresearch.com/career/Current-Openings.aspx?pageno=1,next,888888.0
47590.0,HappyEasyGo,https://www.happyeasygo.com/Careers/,next,888888.0
47594.0,Magic Finserv,https://www.magicfinserv.com/about-us/careers/,next,888888.0
47595.0,W3villa Technologies,https://www.w3villa.com/careers,error,888888.0
47605.0,NextGen Invent,https://nextgeninvent.com/careers/,next,888888.0
36677.0,Cambridge Technology (CT),https://cambridgetechnology.freshteam.com/jobs,next,888888.0
,,,,
46330.0,Phonon Communications,https://www.phonon.io/careers/,next,888888.0
-2281.0,InfoTree Solutions,http://infotreeltd.com/careers/,loadmore,888888.0
23545.0,Harman International,https://jobsearch.harman.com/en_US/careers/SearchJobs/?202=59351&listFilterMode=1,next,888888.0
47655.0,10times,https://10times.freshteam.com/jobs,next,888888.0
47687.0,Celigo,https://www.celigo.com/careers/#job-listings,next,888888.0
47710.0,Rackspace,https://jobs.jobvite.com/rackspace/jobs/location?&l=IND-Hyderabad,next,888888.0
47710.0,Rackspace,https://jobs.jobvite.com/rackspace/jobs/location?&l=IND-Gurgaon,next,888888.0
6752.0,Morningstar,https://morningstar.wd5.myworkdayjobs.com/en-US/Americas?locations=f7596b77493b4df698a11084bdf9379e&locations=0ed882fb04b71001b5cfd2a116530000&locations=6a30583342834bee9099431bfefc5ff7&locations=0e19b52288b50118c0e41050da00bd41,scrolldown,888888.0
47716.0,Sterlite Power,https://careers.sterlitepower.com/search/?createNewAlert=false&q=&locationsearch=India,next,888888.0
8036.0,Saigun Technologies,https://empxtrack.com/careers/,next,888888.0
,,,,
47724.0,Beryl Systems,https://berylsystems.com/careers,next,888888.0
,,,,
47737.0,AAPNA Infotheek,https://www.aapnainfotech.com/jobs/,next,888888.0
563.0,Hindustan Construction Company,http://www.hccindia.com/public/index.php/career/current-opening,next,888888.0
28432.0,Suprabha Protective Products Pvt. Ltd.,http://www.suprabha.com/career/,error,888888.0
2100.0,Aujas,https://www.aujas.com/join-us,next,888888.0
,,,,
13192.0,BlackRock,https://careers.blackrock.com/search-jobs/India/45831/2/1269750/22/79/0/2,next,888888.0
478.0,GMR Group,https://careers.gmrgroup.in/search/?createNewAlert=false&q=&locationsearch=india,pageselect,888888.0
11189.0,NCPL Inc,https://www.ncplinc.com/careers/,next,888888.0
47750.0,Hatch,https://jobs.hatch.com/search/?createNewAlert=false&q=&locationsearch=india,loadmore,888888.0
47770.0,Experion Developers,https://experion.hiringbull.com/CareerSite?iframe=1#.,next,888888.0
,,,,
46858.0,HERE Technologies,https://careers-here.icims.com/jobs/search?ss=1&searchLocation=13228--,next,888888.0
46810.0,TALENT MAX HR AND MANAGEMENT CONSULTANTS,https://widget.recooty.com/openings.php?key=5b2786c26e2798d6c8b411dd5037303202a1887cd42b6,next,888888.0
45861.0,SCA Technologies,http://www.scatech.com/about-us/careers/,next,888888.0
171.0,Reliance Life Sciences,https://careers.rellife.com/frmJobSearch.aspx?func=w+cpdiT6wL4=&loc=/wASbQn4xyQ=&expreq=/wASbQn4xyQ=&flag=/wASbQn4xyQ=,next,888888.0
1366.0,Equitas Small Finance Bank,https://horizonecareer.peoplestrong.com/job/joblist,pageselect,888888.0
46293.0,Careem,https://boards.greenhouse.io/careem,loadmore,888888.0
,,,,
3018.0,Fiserv,https://careers.fiserv.com/us/en/search-results,next,888888.0
46070.0,FICO,https://fico.wd1.myworkdayjobs.com/en-US/External,next,888888.0
,,,,
51351.0,freshworks,https://careers.freshworks.com/jobs,loadmore,888888.0
46333.0,Atlassian,https://www.atlassian.com/company/careers/all-jobs?location=Bengaluru,next,888888.0
46334.0,Nutanix,http://jobs.jobvite.com/nutanix/search/?p=0&q=india,next,888888.0
-2184.0,INFINITY GROUP,http://infinityjobs.in/candidate/opening.php,next,888888.0
1880.0,teva pharmaceutical,https://careers.teva/search/?searchby=location&createNewAlert=false&q=&locationsearch=India,next,888888.0
46407.0,Converse Placement services,http://www.conversejob.com/current-opening,next,888888.0
39297.0,Indiana Group,http://www.indianagroup.com/openpositions/,next,888888.0
